,선행종합지수(2020=100),재고순환지표(전월차)(%p),경제심리지수(전월차)(p),기계류내수출하지수(선박제외)(전월비)(%),건설수주액(전월비)(%),수출입물가비율(전월비)(%),코스피(전월비)(%),장단기금리차(전월차)(%p),〔순환변동치 전월차〕(p),선행지수 전년동월비(%),〔전년동월비 전월차〕(%p),동행종합지수(2020=100),동행종합지수 전월비(%),광공업생산지수(전월비)(%),서비스업생산지수(도소매업제외)(전월비)(%),건설기성액(전월비)(%),소매판매액지수(전월비)(%),내수출하지수(전월비)(%),수입액(전월비)(%),비농림어업취업자수(전월비)(%),〔순환변동치 전월차〕(p),생산자제품재고지수(전월비)(%),소비자물가지수변화율(서비스)(전월차)(%p),소비재수입액(전월비)(%),취업자수(전월비)(%),CP유통수익률(전월차)(%p)
2003.01,53.7,0,0,0,0,0,0,0,-0.1,2.9,-0.8,57.8,0.2,0,0,0,0,0,0,0,-0.2,0,0,0,0,0
2003.02,53.7,-0.6,-1.3,-1.3,-1.8,0.5,-1.6,-0.15,-0.3,2.2,-0.7,57.8,0,0.2,1,-0.5,-1.7,-1.1,-0.3,-0.1,-0.4,1.7,0.2,-1.3,-0.2,0.1
2003.03,53.8,-0.9,-1.6,-1.4,-2.2,0.5,-0.7,-0.12,-0.2,1.6,-0.6,57.8,0,0.2,1,-0.2,-1,-0.8,-0.4,0,-0.3,1.4,0.2,-1.1,-0.1,0.1
2003.04,53.7,-4.4,-1,-1.5,-1.5,0.4,-2.5,-0.11,-0.4,0.8,-0.8,57.6,-0.3,0.2,0.8,-0.7,-2.7,-1.2,-0.3,-0.1,-0.6,2.1,0.3,-1.5,-0.2,0.1
2003.05,53.7,-2.3,-2.1,-1,-2.9,0.6,1.3,-0.08,-0.2,0.4,-0.4,57.8,0.3,0,1.1,0.3,0.8,-0.6,-0.4,0,0,0.9,0.1,-0.6,-0.1,0.1
2003.06,54.1,1.8,0.2,-0.1,15.6,0.3,6.4,-0.17,0.3,0.7,0.3,58,0.3,0.4,0.6,2.3,0.2,0.1,-0.1,0.1,0,0.7,0.1,1.4,0,-0.1
2003.07,54.2,-0.2,-1.8,-2.9,7.4,-0.4,6.3,0.09,0,0.8,0.1,58.1,0.2,-0.8,0,2.3,0.8,-1.4,-1,0.3,0,0,0,1.6,0.2,-0.2
2003.08,54.7,1.6,1,-0.8,10.1,-0.3,6,0.28,0.4,1.5,0.7,58.3,0.3,1.2,0.3,1.2,0.3,-0.1,-0.7,0.2,0,0.7,0,2,0.1,-0.3
2003.09,54.9,-0.2,2,0.1,-6.1,0,3.8,0.18,0.1,2,0.5,58.5,0.3,0.6,0,-1.4,0.6,0.4,1.2,0.1,0,-0.2,0,1,0.1,-0.2
2003.1,55.3,3.4,2.1,1.9,-2,-0.5,2.4,0.15,0.4,2.9,0.9,58.9,0.7,3,-0.2,0.3,0.3,2.7,1.9,0.1,0.4,-0.7,-0.1,4,0.1,-0.1
2003.11,55.5,1.5,1.3,0.2,-15,-0.5,2.6,0.04,0,3.3,0.4,59.1,0.3,1.3,0,-0.2,0.3,0.8,0.9,0.2,0.1,-0.9,-0.1,4,0.2,0
2003.12,55.7,1.2,1.2,-1.3,-7,-0.7,2.6,0.21,0,3.7,0.4,59.5,0.7,1.6,-1,3.1,-0.6,1,2,0.4,0.3,-0.4,-0.1,4.9,0.4,0.1
2004.01,56,1.3,2.4,0.5,-5.3,-0.1,3.8,0.04,0.2,4.2,0.5,59.8,0.5,0.5,-0.2,1.4,0.5,0.4,1.5,0.5,0.3,0,-0.1,1.9,0.6,0.1
2004.02,56.3,2.5,1.3,0.2,2.5,-0.3,3.2,0.02,0.3,4.6,0.4,60.3,0.8,2.1,0,0.4,0.3,1.2,1.7,0.6,0.5,1.4,0,-0.3,0.7,0
2004.03,56.5,1.5,0.9,0,-2.2,-0.7,3,-0.08,0,4.8,0.2,60.6,0.5,0.9,1.1,-0.7,-0.2,-0.4,1.3,0.4,0.2,1.3,-0.1,2.4,0.5,-0.1
2004.04,56.7,2.1,0.7,0,-2.9,-0.7,2.4,-0.08,0.1,4.8,0,60.8,0.3,1.4,0.5,-0.4,-1,0.1,1.2,0.1,0,0.9,-0.2,1.7,0.1,-0.1
2004.05,56.7,1,-2.6,-0.5,-2.8,-0.7,-2.6,-0.13,-0.4,4.5,-0.3,60.8,0,0.3,0.2,0.3,-1.1,-1.1,1,-0.1,-0.4,0.4,-0.3,0.1,-0.3,-0.1
2004.06,56.7,-0.2,-3,0.2,-3.2,-0.1,-4,-0.1,-0.3,4.1,-0.4,60.9,0.2,-0.2,0.2,-1.8,1.3,-0.5,0.3,0,-0.2,0.2,-0.2,-7.3,-0.2,-0.1
2004.07,56.6,-0.6,-4.3,-0.8,11.3,-0.2,-6.5,-0.14,-0.4,3.6,-0.5,60.8,-0.2,-0.9,-0.6,-0.1,0.6,-1.1,-0.2,0,-0.4,0.4,0.1,-6.2,-0.1,0
2004.08,56.6,-1.8,-1,-0.4,-1.3,-0.2,-1.2,-0.19,-0.3,3.2,-0.4,60.7,-0.2,-0.9,-0.5,0.5,0,-0.3,-0.8,0,-0.5,0.4,0.1,-5.2,-0.1,-0.1
2004.09,56.7,-0.8,0.4,-0.9,0.7,0.3,2.8,-0.2,-0.1,3,-0.2,60.9,0.3,0.5,-0.3,2.4,0,0.1,-1.3,0.3,-0.1,0.4,0.1,-0.7,0.2,-0.1
2004.1,56.9,-3.1,0,0.4,8,-0.1,4.4,-0.19,0,2.8,-0.2,61,0.2,0.9,0.2,-0.5,-0.5,0.3,0.3,0.2,-0.1,0.2,0,0,0.3,-0.1
2004.11,57,-1.9,-1.4,-1.1,-0.1,0.1,3.8,-0.07,-0.2,2.5,-0.3,61.2,0.3,1,0.3,-2.4,0.3,0.1,0,0.3,-0.1,0.6,0,-2.1,0.3,-0.1
2004.12,57.1,-2.9,-2.5,-0.2,13.2,-0.6,1.5,-0.04,-0.1,2.3,-0.2,61.2,0,0,-0.6,-2.2,-0.3,0.1,0.7,0,-0.5,1.3,0.1,-1.7,0.2,-0.1
2005.01,57.2,-1.5,0,-0.6,-9.3,-0.6,2.1,0.16,-0.2,2.1,-0.2,61.4,0.3,1.9,0.5,-0.7,-0.2,0.7,-0.2,0,-0.1,1.9,0,-1.5,0,0
2005.02,57.5,-2,5.4,0.5,-5.3,-1.1,3.8,0.34,0.3,2.4,0.3,61.4,0,0,1,-0.6,0.3,0,-1.7,0.1,-0.3,0.8,-0.1,-1,0.1,0.1
2005.03,57.9,1.7,6.9,0.2,7.3,-1.8,4.2,0.31,0.5,3,0.6,61.8,0.7,1.3,1.4,1.4,0,0.4,0.3,0.1,0.2,0.4,-0.2,0.9,0,0.1
2005.04,58.1,-1,5,0.1,-1.7,-2,1.8,0.08,0,3,0,61.9,0.2,-0.7,0.2,1.9,1,-0.5,-1.1,0,-0.3,1,-0.2,-0.6,0,0
2005.05,58.1,-0.6,-1.4,-0.1,16.9,-1.8,-0.9,-0.2,-0.3,2.9,-0.1,62.1,0.3,0,0.2,3.8,0.6,0.1,0.4,0,-0.1,1,-0.1,4,0,0
2005.06,58.1,0.4,-2.9,0,-8.6,-1.3,0.1,-0.12,-0.4,2.6,-0.3,62.3,0.3,-0.5,0.5,1,0.5,0.3,0.9,0,-0.1,0,-0.1,1.1,-0.1,0
2005.07,58.4,2.1,-3.8,1.5,5.9,-0.8,3.6,0.1,0.2,2.9,0.3,62.5,0.3,0.5,0.6,-0.3,0.5,1.2,-0.4,0.1,-0.1,-0.6,-0.1,2,0,0
2005.08,58.7,3.5,-0.2,1.6,-6.2,-1.2,5.5,0.28,0.4,3.4,0.5,62.8,0.5,1.3,0.9,-0.4,0.5,1.2,0.8,0,0.1,-1,-0.1,1.2,-0.1,0
2005.09,59,-0.8,1.5,0.5,-5.3,-0.9,5.7,0.29,0.2,3.7,0.3,63,0.3,1,0.2,-0.6,0.5,-0.3,1.1,0.2,-0.1,0.6,-0.1,1.5,0,0.1
2005.1,59.3,0.2,2.1,0,-10.1,-0.5,4,0.15,0.1,3.9,0.2,63.3,0.5,1.3,0.5,-0.6,0.3,0.1,0.9,0.2,0.1,0,0,0.5,0.1,0.2
2005.11,59.6,0.5,2,-0.6,-5,0.2,4.4,0.16,0.2,4.2,0.3,63.8,0.8,2.1,0.6,0,0.9,0.9,2.8,0.3,0.5,0.8,0,0.2,0.3,0.2
2005.12,60,2,1.9,0.7,-1.5,-0.1,4.6,0.02,0.4,4.7,0.5,64.2,0.6,1.2,0.3,-1.2,1.8,1.4,1,0.2,0.3,0.4,-0.1,3.2,0.2,0.1
2006.01,60.4,0.8,3.2,3.2,5.4,-0.9,5,-0.02,0.5,5.2,0.5,64.7,0.8,1.8,1,-1.7,0.6,1.9,0.7,0.3,0.3,1,0,-0.9,0.3,0.1
2006.02,60.6,0,2.4,2.4,3.3,-1.2,2.2,-0.26,0.1,5.2,0,64.8,0.2,0.2,0.1,-2.5,0,0.3,1.5,0.2,-0.1,1.6,0.1,1.2,0.2,0.1
2006.03,60.7,-1.7,1.6,1.4,0.9,-1,-0.2,-0.16,-0.1,5,-0.2,65.1,0.5,1.1,0.9,1.5,-0.6,0.9,0.2,0.2,0.2,1.9,0.1,-1.2,0.2,0.1
2006.04,60.7,0.2,0.2,-1,-5.6,-1.3,0.9,-0.12,-0.2,4.7,-0.3,65.3,0.3,-0.6,0.1,2.3,0.8,-0.8,1,0.1,-0.1,1.9,0.2,4.6,0,0
2006.05,60.9,0.4,-2.3,2.9,2.1,-1.7,1.2,-0.05,0,4.6,-0.1,65.7,0.6,0.3,0.3,2,0.7,0.5,1.6,0.1,0.3,1.1,0.1,1.4,0.1,0
2006.06,60.8,-0.6,-4.2,0.3,3.6,-1.3,-2,-0.1,-0.4,4,-0.6,65.7,0,-0.3,0,-1,0.1,-0.1,0.4,0.1,-0.2,0.7,0.2,1.9,0,0.1
2006.07,60.7,-3.7,-4.1,-1.9,16.6,-1,-3.4,-0.13,-0.5,3.3,-0.7,65.4,-0.5,-1.7,-0.3,-1.5,-1.2,-1.5,-0.7,0.1,-0.7,0.9,0.1,-0.3,0,0.1
2006.08,60.7,-2.3,-1.3,-0.8,3.9,-0.3,-1.9,-0.19,-0.3,2.8,-0.5,65.6,0.3,0.8,0.4,-0.2,-0.5,0.1,0.8,0.1,0,0.2,0,1.2,0,0.1
2006.09,61.1,1.4,0.8,1.2,17.9,0.6,2.8,-0.19,0.5,3.1,0.3,66,0.6,2,0.9,1.8,-0.3,1,0.7,0.1,0.3,0.5,0.1,1.4,0.1,0
2006.1,61.5,3.2,2.1,4.2,-8.8,1,1.9,-0.2,0.5,3.5,0.4,66.9,1.4,4,1.2,4.1,1.7,3.9,0.7,0.2,1,-0.4,0.1,2.1,0.2,0
2006.11,61.9,-0.3,1.4,0.4,2.1,0.8,2.2,-0.03,0.2,3.6,0.1,67.3,0.6,1.3,0.6,1.1,0.7,1.3,1.2,0.2,0.4,0.4,0,2.1,0.2,0
2006.12,62,-1.1,0.1,0.4,-10.6,-0.7,1.5,0.03,-0.1,3.4,-0.2,67.6,0.4,-0.8,0.7,-0.4,2.1,0.2,0.5,0.2,0.2,-0.2,-0.1,1.2,0.3,0
2007.01,62.1,-2.4,-1,-0.1,9.3,-0.2,0.6,0.06,0,3.3,-0.1,67.8,0.3,-0.7,0.4,-2,0.4,-0.6,0.7,0.3,-0.1,1.3,-0.1,1.5,0.3,0.1
2007.02,62.4,0.5,1,0.6,3.8,-0.8,0.7,0.01,0,3.4,0.1,68,0.3,-0.6,0.6,-0.2,1.4,0.2,0.1,0.2,0.1,0.7,0,2.5,0.2,0.1
2007.03,62.5,1,2,0,1,-1.1,0.3,-0.05,0,3.4,0,68.3,0.4,0.4,0.6,-0.2,-0.1,0.1,0.7,0.3,0.1,0.7,0,-0.1,0.2,0.1
2007.04,62.8,3.3,2.8,-0.8,-0.2,-1.8,3.2,-0.03,0.1,3.5,0.1,68.6,0.4,0.3,0.6,0.8,0.6,0.1,1.9,0.1,0.2,-0.5,0.1,0,0,0
2007.05,63,1.7,0.5,-0.1,-6.6,-1.1,4.1,0.06,0,3.5,0,68.8,0.3,0.4,0.4,0.3,0,0.5,0.7,0.1,0,-0.2,0.1,-1.4,0,0
2007.06,63.4,0.8,-0.1,-0.2,2,-0.3,7.1,0.2,0.3,3.9,0.4,69,0.3,0.7,1,-0.6,-0.4,0.2,0.4,0.1,0,0.5,0.1,0.9,0,0
2007.07,63.8,2.8,-0.1,0,-3.5,0.1,8.1,0.16,0.4,4.4,0.5,69.3,0.4,0.6,1,0.5,-0.1,0.7,0.6,0.1,0.1,0.5,0,2.2,0.1,0
2007.08,64.1,-0.3,0.9,-1.4,5.8,0.3,3.8,-0.04,0.2,4.6,0.2,69.6,0.4,1.7,1.5,0.8,-0.4,-0.4,-0.6,0.1,0.1,0.7,0,1.3,0,0.1
2007.09,64.3,-0.2,1,-1,9.2,-0.6,2.3,-0.12,-0.1,4.6,0,69.7,0.1,1.4,-0.1,0.6,0.9,0,-1.6,0.1,-0.1,0.2,-0.1,-0.1,0,0.1
2007.1,64.4,-3.7,0.1,0.8,11.4,-1.2,1.7,-0.09,-0.2,4.5,-0.1,70.1,0.6,2.3,0.3,-0.3,1,0.7,0.8,0.1,0.2,0.3,0,1.4,0.1,0.1
2007.11,64.6,0.5,-1,2.3,8.8,-2.1,1.9,0.06,0.1,4.6,0.1,70.4,0.4,1.1,-0.1,-0.2,0.6,1.3,0.9,0.2,0.2,0,0,2.4,0.2,0.1
2007.12,64.8,0.9,-1.6,2.6,-8.3,-1.8,0.4,0.15,-0.1,4.5,-0.1,70.9,0.7,0.9,0.8,2.4,0.3,1.5,1.2,0.2,0.4,0.5,0.1,1.8,0.2,0.2
2008.01,64.8,1.8,-1.1,0.9,-13.3,-1.4,-4.7,0.01,-0.4,4,-0.5,71.4,0.7,0.8,0.9,0.4,0.6,0.9,2.7,0.2,0.3,1,0.1,1.5,0.2,0.3
2008.02,64.6,-1.1,0,-0.1,-11,-1.3,-4.2,-0.14,-0.5,3.3,-0.7,71.6,0.3,0.1,0.9,-2,0.1,0,0.7,0.1,0,1.9,0.1,-0.9,0.1,0
2008.03,64.6,-0.6,-1.5,0,2,-1.4,-4.7,-0.23,-0.5,2.8,-0.5,71.7,0.1,0.9,0.6,-3.6,0.3,0.2,-0.1,0.1,-0.1,1.7,0.2,3.7,0.1,-0.2
2008.04,64.6,-2.8,-1.1,0.5,7.3,-1.5,0.9,-0.16,-0.2,2.5,-0.3,71.7,0,-0.1,-0.1,-2.8,0.1,-0.7,0.4,0,-0.3,1.6,0.1,0.8,0,-0.2
2008.05,64.7,-2,-3.4,-0.4,-1.6,-2.1,3.1,0.07,-0.3,2.2,-0.3,71.7,0,0.1,-0.1,-0.4,0.1,-0.8,-1.1,0,-0.3,1.5,0.1,2.3,0,0
2008.06,64.6,-4.2,-2.6,-1.3,-9.8,-1.9,2,0.21,-0.4,1.7,-0.5,71.5,-0.3,-0.5,-0.3,-2.1,-1.5,-0.9,-1,0,-0.5,2.9,0.1,0.1,0,0.1
2008.07,64.6,-2,-4.8,0,-8.5,-1.9,-3.8,0.34,-0.4,1.3,-0.4,71.5,0,-0.6,0.1,-0.9,-0.8,-0.6,0.5,0,-0.3,1.4,0.1,0,0,0
2008.08,64.6,-1.6,-0.6,0,-1.5,0.2,-6,0.07,-0.2,1.1,-0.2,71.6,0.1,0,0.1,0.3,-0.3,-0.3,0.8,0,-0.2,1.2,0.1,0.4,0,0.1
2008.09,64.7,-1.6,-0.3,0.9,-4.1,1.4,-6.4,-0.07,-0.1,1,-0.1,71.7,0.1,-0.3,0.1,1.7,0.3,-0.9,1.9,-0.1,-0.1,0.2,0.1,-0.4,-0.1,0.2
2008.1,64.7,-3.7,-3.7,-0.9,4.1,3,-8.1,-0.25,-0.3,0.7,-0.3,71.7,0,-0.4,-0.1,-0.5,-1,-1.2,2.8,0,-0.3,1.1,0,-4.3,0,0.4
2008.11,64.6,-5.8,-10.2,-1.3,-5,3,-11.1,0.19,-0.5,0.3,-0.4,71.3,-0.6,-4.3,-0.4,-2.5,-1.6,-3,-0.3,-0.1,-0.7,0.4,0.1,-6.3,0,0.4
2008.12,64.6,-3.9,-12.2,-3.4,20.4,2.8,-8.9,0.13,-0.3,0.1,-0.2,70.7,-0.8,-7.3,-0.8,-4.4,-0.9,-4.5,-3.7,-0.1,-1.2,-2.4,0.1,-3,0,0.2
2009.01,64.6,-0.7,-4.9,-5.3,-5.5,1,-1.3,0.42,-0.3,0.1,0,70.4,-0.4,-6.9,0.3,0.7,0.3,-5.3,-4.5,-0.1,-0.7,-4.1,-0.1,-3.3,-0.1,-0.6
2009.02,65.1,6.9,-0.2,-2.4,4.6,0.2,2,0.46,0.5,0.8,0.7,70.4,0,-0.6,0.4,2.3,1.6,-0.7,-5.2,-0.2,-0.2,-4.6,-0.2,-1.6,-0.2,-1.3
2009.03,65.6,6.3,4.1,-0.4,-10.2,-0.1,0.8,0.56,0.4,1.5,0.7,70.6,0.3,4.8,0.6,2.6,1,2.2,-4.5,-0.2,0,-2.7,-0.5,-5,-0.2,-1.3
2009.04,66.5,7.2,7.6,3.2,6.4,1,4.8,0.36,1.2,2.9,1.4,71,0.6,4.9,0.5,0.7,0.6,3.6,-0.2,-0.2,0.2,-1.7,-0.4,0.2,-0.2,-0.7
2009.05,67.1,4.6,8.4,-0.6,-1.5,0.2,7.2,0.03,0.5,3.7,0.8,71.2,0.3,2.6,0.4,-0.7,0.8,1.9,-0.5,0,0,-1.6,-0.4,0.3,-0.1,-0.2
2009.06,67.8,7.3,8.5,3.3,3.1,-0.9,6.6,0.02,0.8,4.9,1.2,71.8,0.8,2.8,0.8,4.4,1.1,3.3,0.2,0.4,0.6,-1.4,-0.2,5.2,0.3,-0.1
2009.07,68.1,4.7,3.1,-0.3,-4.2,-1.2,3.4,0.02,0.1,5.4,0.5,72.2,0.6,2.8,0,-0.5,0.4,2.2,2.5,0.2,0.2,-0.7,-0.1,-1.1,0.1,-0.1
2009.08,68.4,2.5,4.2,0.4,-6.5,-1.4,4.2,0.1,0.2,5.8,0.4,72.4,0.3,2.8,0.5,-0.8,-0.7,1.6,0.7,0.3,0.1,0.4,0,1.2,0.3,-0.1
2009.09,68.8,1,3.5,-0.9,0.5,-0.3,6,0.02,0.3,6.2,0.4,72.8,0.6,2.9,0.6,-0.9,0.4,1.3,2.2,0,0.1,1.3,0,-2.7,0,0
2009.1,69.3,1.7,4.1,1.7,18.6,-1.3,3.6,0.08,0.5,6.8,0.6,73.1,0.4,0.9,0.3,-0.4,1.7,0.6,1.7,0.1,0.2,0.7,-0.1,4.3,0.1,0.1
2009.11,69.9,5.4,0.1,3.2,24.4,-1.2,0.1,-0.03,0.6,7.4,0.6,73.4,0.4,0.9,0.1,1.1,1.1,1.4,0.1,0.2,0.2,0.5,-0.1,0.2,0.1,0.1
2009.12,70.3,5.5,0.2,3.3,-0.4,-1.1,-0.3,-0.03,0.3,7.6,0.2,73.6,0.3,-0.2,0.2,-2.5,0.7,0.9,1.2,0,-0.2,0,-0.1,1.9,-0.1,0
2010.01,70.6,3.2,0.3,2.3,-5.4,-0.6,1.1,-0.03,0.1,7.5,-0.1,74,0.5,1.4,0.1,1.6,0.4,0.9,0.5,0.1,0.2,2.6,0,0.3,-0.1,0
2010.02,70.7,-6.9,2.6,0.9,-17.8,0.3,0.3,-0.03,-0.1,7.1,-0.4,74.5,0.7,1.1,0.6,0.1,2.3,0.6,2,0,0.5,3.6,0.1,3.1,0,0.1
2010.03,70.7,-8.1,1.7,0.7,-8.1,-0.3,0.4,-0.1,-0.3,6.6,-0.5,75.1,0.8,1.6,0.5,1.1,0.6,0.3,2.2,0.3,0.4,3.3,0,0.3,0.2,0
2010.04,70.7,-8.6,1.2,3.4,-10.9,-0.3,1,-0.13,-0.2,6,-0.6,75.5,0.5,1.2,0.5,-2.4,0.1,1.2,1.2,0.4,0.2,1.8,-0.1,1.1,0.4,-0.1
2010.05,71,-2.8,-0.2,3.8,8.7,-0.8,1,-0.12,0,5.7,-0.3,76,0.7,1.2,0.7,-0.3,-0.6,1,2.6,0.5,0.4,0.5,-0.1,3.7,0.5,-0.2
2010.06,71.2,-4.1,-0.1,2.8,1.2,-0.1,0.5,-0.02,0,5.2,-0.5,76.4,0.5,0.9,0.1,-0.4,0.5,0.8,1.3,0.2,0.1,0.6,0,2.2,0.3,-0.1
2010.07,71.3,-2.9,-0.7,0.4,6.7,0,0,-0.07,-0.1,4.7,-0.5,76.8,0.5,0.8,0.1,1.3,0.8,0.2,0.7,0.2,0.2,0.3,0,1.8,0.2,0
2010.08,71.4,-2.2,-0.8,1.3,-15.8,-0.8,2.2,-0.13,-0.2,4,-0.7,76.8,0,0.6,-0.7,-1.2,0.5,0.2,0.6,-0.1,-0.3,1.1,-0.1,-0.5,0,0.1
2010.09,71.4,-1.8,-0.4,0.7,3.9,-1.2,2.4,-0.26,-0.2,3.5,-0.5,76.7,-0.1,0.5,-0.6,-2.2,0.5,-0.1,-0.6,0,-0.4,1.2,0,-0.2,0,0
2010.1,71.3,-1,-1,-0.8,-20.2,-1.7,3,-0.28,-0.5,2.8,-0.7,76.6,-0.1,0.2,0,-3.3,0.1,-0.3,-1,0,-0.5,0.9,0,1.6,-0.1,0
2010.11,71.4,-0.6,-0.1,-1,5.1,-1.3,3,-0.11,-0.1,2.5,-0.3,76.8,0.3,0.3,0.1,-1.4,0.6,0.8,0.5,0.1,0,0.3,0,0.8,0,0
2010.12,71.5,0,-0.8,-1.4,-6.5,-1.5,3.3,-0.04,-0.1,2.2,-0.3,77.3,0.7,0.7,0.6,1.5,0.4,0.9,-0.1,0.3,0.3,0.3,0,1.5,0.2,0
2011.01,72,4.6,-0.1,2.5,10,-1.4,3.5,0.08,0.3,2.4,0.2,78.2,1.2,1.7,0.9,0.8,2.4,2.1,1.3,0.2,0.9,-0.4,0.1,5.6,-0.1,0.1
2011.02,72.3,4.6,-0.1,1,0.3,-1.1,1.3,0,0.1,2.5,0.1,78.2,0,0.3,0.2,-3.1,-0.7,0.2,0.9,0.3,-0.2,-0.3,0.2,1.5,0.2,0.2
2011.03,72.4,2.8,-0.7,0.4,3,-0.9,0,-0.1,0,2.4,-0.1,78.5,0.4,0.8,0.6,-0.9,0.1,0.6,0.6,0.2,0.1,0.3,0.2,3.9,0.3,0.2
2011.04,72.5,-2.5,0.5,-1.6,3.8,-1.1,1,-0.18,-0.2,2.2,-0.2,78.3,-0.3,-0.9,0,-1.6,-1.4,-1.2,0.2,0.3,-0.5,1.6,0.2,0.1,0.5,0.1
2011.05,72.5,-3.7,-0.6,0.7,2.1,-0.7,1.9,-0.24,-0.2,2.1,-0.1,78.9,0.8,0.6,0.5,2.2,1.5,0.1,0.6,0.3,0.4,2.1,0.1,3.6,0.4,0.1
2011.06,72.6,-2.8,-0.4,1,1.2,-0.8,1.1,-0.17,-0.1,2.1,0,79.2,0.4,0,0.1,1.1,0.7,-0.1,1.2,0.4,0.2,1.9,0.1,0.9,0.3,0.1
2011.07,72.7,-1.2,-1.8,1.5,-5.6,-0.3,0,-0.12,-0.1,2.1,0,79.5,0.4,0.8,0.5,-0.9,0,0.5,0,0.2,0.1,1.4,0.1,1.5,0.2,0.1
2011.08,72.7,-0.6,-1.7,0.1,10.4,-0.2,-4,-0.16,-0.1,2,-0.1,79.8,0.4,0.4,0.7,-0.7,0,0.3,1.8,0.2,0.2,1.3,0.1,0.7,0.1,0.1
2011.09,72.8,0.2,-0.8,-0.2,-1.9,-0.2,-4.7,-0.13,-0.2,1.8,-0.2,79.7,-0.1,0.3,0.1,-2.5,-0.1,0,-0.1,-0.3,-0.4,1.2,-0.1,1.8,-0.4,0
2011.1,72.8,-0.5,-1.2,-0.1,7.5,0,-5.6,-0.12,-0.2,1.6,-0.2,80.1,0.5,0.5,0.1,3,0.1,0.3,-0.3,0.2,0.2,1.6,0,-1.5,0.1,0
2011.11,72.8,-2.1,-0.7,-1.6,-7.5,-0.6,-0.2,-0.07,-0.2,1.5,-0.1,80,-0.1,-0.1,-0.2,-0.3,-0.4,-0.5,-0.3,0.1,-0.3,1.5,-0.1,-1.1,0,0
2011.12,72.9,-2.5,-2,-1.5,1.2,-0.4,1.3,-0.02,-0.1,1.4,-0.1,80.1,0.1,-1.1,-0.5,2.2,0.1,-0.7,-1.2,0.5,-0.1,1.4,0,-1.6,0.4,0
2012.01,73.1,-2.4,-1,1.5,4.8,-0.6,1.2,-0.04,0,1.5,0.1,80,-0.1,-0.3,-0.2,-4,1,0,-1,0.1,-0.4,-0.4,-0.1,0.4,0,0
2012.02,73.6,1.5,0.3,4,21.4,-0.4,2.6,0.01,0.5,2,0.5,80.4,0.5,1.2,0.6,-0.3,0.6,0.8,1.4,0.2,0.4,-0.5,-0.1,-0.2,0.1,0
2012.03,73.9,0.9,2,0.4,-3.5,-0.6,2.8,0.06,0.2,2.3,0.3,80.5,0.1,1,0.7,-3.5,-0.4,-0.2,-0.6,0.2,-0.2,-0.4,-0.4,0.3,0.2,0
2012.04,74.2,2.5,2.8,-1.3,-4.7,-0.1,1.8,0.05,0.1,2.6,0.3,80.7,0.2,0.3,0.4,0.6,-0.8,-0.2,1.4,0.2,0.1,0.5,-0.4,-1,0.4,0
2012.05,74.2,1,0.2,-4.2,-20.2,0.5,-1.9,-0.02,-0.3,2.4,-0.2,81,0.4,-0.4,-0.1,0.2,0.6,-0.2,1.8,0.2,0.1,0.4,-0.3,0.4,0.4,0
2012.06,74.5,3.1,-1.7,-1.2,7.5,1.5,-3,-0.1,0,2.6,0.2,81.1,0.1,-0.1,0.1,-1.7,0.7,0.5,-0.5,0.1,-0.1,-0.5,-0.1,1.2,0.2,0
2012.07,74.5,1.7,-4.3,-2.2,1.3,0.9,-3,-0.12,-0.2,2.5,-0.1,81.5,0.5,-0.3,0.4,1.6,0.8,0.2,1.6,0.1,0.3,-0.7,-0.1,2.2,0.1,-0.1
2012.08,74.5,-1,-3.5,-2,-3.2,0.1,0.6,-0.1,-0.3,2.4,-0.1,81.2,-0.4,-1.2,0.2,-1.4,-0.6,-1.2,-1.4,0,-0.7,0.5,0,-1.1,-0.1,-0.1
2012.09,74.5,0.5,-2.3,-2.5,-11.2,-0.9,2,-0.08,-0.3,2.2,-0.2,81.3,0.1,-0.1,0.3,2,0,-0.3,-0.9,0,-0.1,0.3,0,1,0,-0.1
2012.1,74.7,0.6,-1.5,-0.4,-8.9,-0.4,2,0,-0.1,2.2,0,81.3,0,0.5,-0.1,-0.2,-0.4,-0.3,-0.4,0.1,-0.3,0.8,0.1,-0.1,0,-0.1
2012.11,74.9,2.4,-1.3,-0.5,-2,0.4,-0.2,0.06,0.1,2.4,0.2,81.7,0.5,1.3,-0.3,2.7,0.7,1,0.2,0,0.2,0.5,0,1.7,0,-0.1
2012.12,75.3,0.5,-0.7,1.1,-3,0.6,0.2,0.11,0.1,2.6,0.2,82.1,0.5,0.6,-0.5,1.6,0.2,0.9,1.7,-0.1,0.2,2.2,0,0.5,-0.2,-0.1
2013.01,75.4,-1.3,1,-2.5,-6.6,0.3,0.8,0.02,-0.1,2.6,0,82.3,0.2,0.6,0.1,-0.1,0.1,0,1.1,0,-0.1,2.1,0.1,1,-0.1,0
2013.02,75.7,-2.4,1.9,-0.5,2.2,0.2,1.3,-0.01,0.1,2.7,0.1,82.4,0.1,-0.2,0.7,0.4,0,-0.3,0.4,0,0,0.4,0.1,1.4,-0.1,0
2013.03,75.9,-1.4,2.4,-1.4,3.6,0.6,0.3,-0.09,0,2.8,0.1,82.4,0,-0.6,0.5,-0.5,-0.5,-1.6,0.6,0.1,-0.4,-0.4,0.2,-0.7,0.1,0
2013.04,76.1,0,1.2,-0.6,4.6,0.5,-0.8,-0.07,0,3,0.2,82.6,0.2,-1,0.5,3.7,-0.1,-1,0.4,0.3,0,-1.1,0.1,0.6,0.4,0
2013.05,76.4,1.3,0.3,-0.7,-2.8,0.8,-0.1,0.02,0,3.1,0.1,82.8,0.2,-0.3,-0.1,1.8,0,-0.6,-0.5,0.4,-0.1,-0.4,0.1,0.1,0.5,0
2013.06,76.8,0.2,-0.7,2.3,-2.4,0.7,-1.8,0.21,0.1,3.3,0.2,83.2,0.5,0.2,0.3,1.8,0.4,0.8,0.4,0.3,0.3,-0.8,0,0.6,0.4,0
2013.07,77.2,-1.1,-0.8,0.6,3.9,0.3,-1.2,0.27,0.2,3.5,0.2,83.4,0.2,-0.2,-0.2,-0.3,0.7,0.6,0.1,0.1,-0.1,0.4,-0.1,-0.1,0.1,0
2013.08,77.5,2,-0.6,0.6,-2.8,-0.3,-1.4,0.21,0,3.7,0.2,83.7,0.4,0.4,0.2,-0.2,0.1,1.4,-0.8,0.1,0.1,0.8,-0.1,-0.2,0.1,0
2013.09,77.6,-2,-0.1,-2.2,6.5,-0.5,1.8,0.03,-0.1,3.7,0,83.8,0.1,-0.1,0.1,0.5,-0.1,-0.2,0.6,0.2,-0.1,1.8,-0.1,0.9,0.2,0
2013.1,78,-0.3,0.7,1.4,7.6,-0.3,2.7,-0.04,0.1,4,0.3,84.3,0.6,1,0.5,1,-0.4,1,1.2,0.3,0.3,1.4,0,1.4,0.3,0
2013.11,78.3,-2.5,0.8,0.4,7.3,0.1,1.9,-0.01,0,4.1,0.1,84.5,0.2,0,-0.1,1.9,0.2,-0.6,-0.2,0.4,0,1.5,-0.1,2.1,0.3,0
2013.12,78.6,1.8,0.5,1.8,2.3,-0.2,0.1,0.04,0.1,4.3,0.2,84.9,0.5,0.9,-0.1,-0.6,0.2,1.3,0.8,0.3,0.1,0.8,-0.1,0.3,0.1,0
2014.01,78.9,1.7,0.9,-1.6,-1,-0.1,-1.4,0.06,0,4.3,0,85.3,0.5,0.2,0.5,-0.1,1.3,-0.1,0.9,0.3,0.3,0,0,-2.1,0.3,0
2014.02,79.2,1.4,1.5,0,5.1,-0.2,-1.2,-0.02,0,4.3,0,85.5,0.2,0.3,0.6,-2,0,0,0.4,0.3,-0.1,-0.5,-0.1,1.9,0.3,0
2014.03,79.3,0.3,1,-1.1,-8.4,0.1,-0.6,-0.04,-0.2,4.2,-0.1,85.9,0.5,0.1,0.9,-1,0.1,-0.4,1.5,0.3,0.1,-0.1,0.1,2.3,0.3,0
2014.04,79.6,-1.1,0.6,0.5,3,-0.1,0.7,-0.03,0,4.2,0,85.9,0,-0.1,-0.1,0.3,-1.3,-0.4,1.2,0.2,-0.2,0.8,0.1,3.7,0.2,0
2014.05,79.7,-1.5,-0.6,-0.5,-6.2,0,1,-0.03,-0.1,4,-0.2,85.9,0,-0.7,-0.1,0.4,0.2,-0.2,-0.8,-0.1,-0.3,0.5,0.2,-1.8,-0.1,0
2014.06,80,-1.1,-1.2,0.2,11.8,0,0.7,-0.07,0,3.9,-0.1,86.1,0.2,-0.1,0.2,1.2,0.2,0.3,-0.2,0,0,-0.1,0,-0.9,0.1,0
2014.07,80.1,0.7,-2.3,0.7,-1.9,0.2,0.5,-0.13,-0.1,3.7,-0.2,86.3,0.2,0.3,0.6,-1.7,0.9,0.4,-0.2,0.1,0,0.1,0,0.3,0,0
2014.08,80.5,0,-1,-0.3,16.2,0.7,1.1,-0.05,0.1,3.8,0.1,86.6,0.3,0,0.6,-0.2,0.6,-0.2,-0.2,0.4,0.1,0.2,0,2.5,0.3,-0.1
2014.09,80.8,0.8,1,-0.1,3.3,0.9,0.8,-0.02,0.1,3.8,0,86.7,0.1,-0.8,0.1,-1.4,-0.2,-1,2.1,0.2,-0.3,0.5,0,3.4,0.2,-0.1
2014.1,81.1,-0.5,0.1,-0.5,1.2,1.2,-1.3,0.03,0,3.8,0,86.6,-0.1,-1.3,0.4,-0.3,-0.6,-1.2,0.8,0.1,-0.4,0,0,0.7,0.1,-0.1
2014.11,81.4,2.1,-0.1,1.6,-16.5,1.7,-1.7,-0.03,0.1,3.8,0,86.7,0.1,-0.2,0.1,-0.7,-0.6,0,1.2,0,-0.3,-0.1,0,0.1,0,-0.1
2014.12,81.7,2.1,-1.3,-0.4,-6.8,2.2,-1.7,-0.02,0,3.9,0.1,87.2,0.6,0.8,-0.1,0,1.4,0.7,2.6,0.1,0.3,-1.1,0,-1.5,0,0
2015.01,82.1,1.7,0.8,-1.4,14.3,2.8,-0.4,-0.06,0.3,4.1,0.2,87.5,0.3,0.1,-0.1,1,0.7,0,0.8,0.2,0,-0.9,0,1.1,0.1,0
2015.02,82.5,-0.8,1.8,-0.9,6.9,1.6,0,-0.07,0.1,4.2,0.1,88,0.6,0.6,0.2,2.1,1.4,0.6,0.3,0.2,0.3,0,0,3,0.1,0
2015.03,82.9,-2,1.5,-0.2,24.2,0.8,1.2,-0.07,0.1,4.4,0.2,88.1,0.1,-0.5,0.9,-0.3,-0.5,-0.9,-0.3,0.1,-0.3,1,0,1.4,0.1,-0.1
2015.04,83.3,-0.6,1.7,2.3,-3.2,-0.1,3.2,-0.01,0.1,4.5,0.1,88.3,0.2,0.4,0.4,-0.9,0.8,0.7,-1.4,0,-0.1,1.3,0,-0.4,0,-0.1
2015.05,83.7,-0.2,-0.3,-1.2,18.7,0.3,2.5,0.08,0.2,4.7,0.2,88,-0.3,-0.9,0,-1.2,-0.3,-0.6,-0.8,0,-0.6,0.7,0,-1.7,-0.1,-0.1
2015.06,83.9,-1.4,-3.1,0.7,-5.6,0.4,0.8,0.11,-0.2,4.7,0,88.2,0.2,0,-0.1,2.1,-0.6,0.7,-0.3,0.1,-0.1,1.5,0,-0.4,0,-0.1
2015.07,84.2,-1.2,-2.6,-0.7,-0.2,0.4,-0.8,0.15,-0.1,4.6,-0.1,88.5,0.3,-0.4,0.2,1.2,-0.5,0.1,1.4,0.2,-0.1,1,0.1,0.4,0.1,-0.1
2015.08,84.4,-0.7,-1.7,3.1,-7,0.9,-2.6,0.03,-0.1,4.6,0,89.2,0.8,1.1,0.5,2.2,-0.2,2,1.6,0.2,0.5,1.7,0.1,2.3,0.1,-0.1
2015.09,84.9,1.6,1.6,0.6,28.5,0.6,-2,-0.03,0.2,4.8,0.2,90,0.9,1,0.5,3.3,1.4,1.3,1.3,0.2,0.6,0.7,0.1,0.2,0.2,0
2015.1,85.1,1.9,0.6,-0.2,2.7,0,-0.6,-0.09,-0.1,4.7,-0.1,90.7,0.8,1,0.3,1.3,1.6,0.8,1,0.2,0.5,0.3,0,2,0.1,0
2015.11,85.4,0.2,0,-2,5.3,-0.1,0.9,0,-0.1,4.6,-0.1,90.8,0.1,-0.2,0,-0.4,0.9,-0.5,-0.4,0.1,-0.2,-0.6,0,-1.9,0.1,0
2015.12,85.4,-1.2,-0.9,-1.6,-27.3,0.4,0.5,0.02,-0.3,4.1,-0.5,90.9,0.1,-0.9,0.5,0.1,0.8,-0.3,-0.8,0.2,-0.1,-1,0.1,1.9,0.2,0.1
2016.01,85.5,-3,-1.1,-3.8,2.1,1.3,-2.1,-0.01,-0.3,3.8,-0.3,90.8,-0.1,-0.6,-0.1,1,0,-0.6,-1.6,0.1,-0.3,0.3,0.1,0.2,0.1,0
2016.02,85.5,-1.8,-1.5,-2.7,1,0.8,-1.8,-0.12,-0.4,3.4,-0.4,91,0.2,0.2,0.3,1.5,0,-0.5,-0.5,0,-0.1,1.1,0.1,0.7,0.1,0
2016.03,85.8,0.3,0.1,0.1,12.8,-0.1,0.1,-0.1,0,3.4,0,91,0,0.7,-0.1,0.5,0.1,0.1,-0.9,-0.2,-0.2,1.7,0.1,-1.6,-0.2,-0.1
2016.04,86.1,1.6,1.1,1.8,2.1,-1.1,1.8,-0.07,0.1,3.3,-0.1,91.2,0.2,0.2,0.4,1,-0.1,0.2,-0.8,-0.1,-0.1,0,0,-0.4,-0.1,0
2016.05,86.5,3,0.9,3.1,-8,-1.2,1.1,-0.01,0,3.3,0,91.7,0.5,0.6,0.1,1.8,1,0.5,1.3,0.1,0.3,-0.4,0,1.3,0,0
2016.06,86.7,2.2,0.2,1.2,-4.9,-0.9,0,0,0,3.3,0,92.1,0.4,0.4,0.5,1.9,0.5,0.1,0.2,0.3,0.3,-1.1,0,2,0.1,0
2016.07,87.1,2.4,-0.3,1.5,7,-0.3,0.1,-0.02,0.1,3.4,0.1,92.6,0.5,0.6,0.4,2.2,-0.1,0.4,0.1,0.3,0.2,-0.6,0,-2,0.2,-0.1
2016.08,87.5,0.2,1,0.6,13.2,0,1.2,-0.01,0.1,3.5,0.1,93,0.4,-0.6,0.4,2.1,-0.1,0.1,1,0.3,0.2,-0.8,-0.1,-0.2,0.3,-0.1
2016.09,87.9,-0.1,0.9,1.1,3.8,0.4,1.1,-0.01,0.2,3.7,0.2,93,0,-0.5,0.3,0.8,-1.3,0.4,-0.2,0.1,-0.2,-0.2,-0.1,-0.3,0.1,0
2016.1,88.3,-1,0.1,2,2.2,-0.1,0.5,0.05,0.1,3.8,0.1,93.1,0.1,-0.6,-0.2,1.3,0.8,-0.3,-0.7,0.1,-0.2,-0.3,0,2.7,0.1,0
2016.11,88.6,1.6,-0.8,1.9,-6.8,0.3,-0.9,0.16,0.1,4,0.2,93.6,0.5,1.3,-0.4,2.1,0,1.4,1.6,0,0.3,-0.2,0,0.7,0,0
2016.12,89.1,2.2,-1.1,3.4,-3.1,-0.3,-0.3,0.18,0.2,4.3,0.3,94,0.4,0.8,-0.1,1.3,1.4,0.8,-1.1,0.2,0.2,-1.3,-0.1,0.4,0.2,0
2017.01,89.5,3.5,0,1.4,-11.4,-0.2,0.4,0.13,0.1,4.4,0.1,94.6,0.6,2.1,0.4,0.5,-0.2,1.7,0.6,0.1,0.4,-1.1,0.1,0.2,0.1,0.1
2017.02,89.9,1.6,0.8,0.2,15,-0.4,1.7,0.04,0.2,4.6,0.2,94.9,0.3,0,0.3,0.4,0.5,-1.1,1.6,0.2,0.1,-0.6,0,0.5,0.1,0
2017.03,90.3,0.4,2,-0.4,-6.9,0.1,1.9,0.01,0.1,4.7,0.1,95.3,0.4,1,0.2,2,-0.4,-0.4,1.7,0.1,0.2,0.7,0,1.8,0.1,0
2017.04,90.7,-1.8,1.3,0.8,12.3,0.6,1.6,0.02,0.1,4.9,0.2,95.5,0.2,-0.7,0.1,1.8,0.3,-0.9,1.5,0.2,0,1,0,1.4,0.1,0
2017.05,91.1,-3.2,1,1.7,-13,0.5,3.4,0.02,0.1,5,0.1,95.9,0.4,0.2,0.4,0.5,-0.3,0.6,2,0.1,0.2,1.6,-0.1,-0.4,0,0
2017.06,91.5,-2.1,-0.1,2.2,7.6,0.5,3.6,-0.02,0.2,5.1,0.1,96.1,0.2,-1,0.2,-0.8,0.5,0.2,2.3,0,0,0.6,-0.1,0.3,0,0
2017.07,91.8,-1.2,-0.2,0.4,-14.4,0.6,3.7,0.02,0,5.1,0,96.3,0.2,-0.1,0.3,0.5,0,0.6,-1.2,0.1,-0.1,0.1,-0.1,2.5,0.1,0
2017.08,92.2,0.5,-0.2,-0.1,6.2,0.2,1,0.03,0.1,5.1,0,96.5,0.2,-0.3,0.4,-0.1,-0.1,0.6,1.3,0,0.1,-0.3,0,4.1,0,0
2017.09,92.4,0.3,-0.3,-2.9,0.7,-0.3,0,0.04,-0.1,4.8,-0.3,96.9,0.4,0.4,0.5,1.1,0.4,0.4,-0.7,0.1,0.1,0.4,0,0.7,0.1,0
2017.1,92.7,-0.4,1,-2,6.2,-0.6,1,0.1,0.1,4.7,-0.1,97,0.1,0.2,0.1,0.1,0.3,0.5,-0.8,0,-0.1,1.2,0,-2.4,0.1,0
2017.11,92.9,-1.6,0.6,-2.3,-8.2,-0.7,2.2,0.11,-0.1,4.5,-0.2,97.4,0.4,0.4,-0.2,-0.3,1.7,0.2,0.3,0.1,0.2,0.7,0,-1.3,0.1,0
2017.12,93,-5.1,0.9,-0.7,3,-0.7,1.3,0.02,-0.2,4.2,-0.3,97.2,-0.2,-0.6,-0.3,-0.8,0.1,-1.1,-0.2,0,-0.4,1.2,0,0.7,0.1,0.1
2018.01,93.3,-3.1,-0.9,2.3,16.6,-1.1,0.5,-0.02,0,4,-0.2,97.5,0.3,0.1,0.3,1.6,1,-0.7,0.5,0.1,0.1,0.5,-0.2,3.1,0.2,0.1
2018.02,93.5,-2.1,-0.3,1.8,3.6,-0.3,-1.3,-0.02,0,3.8,-0.2,97.8,0.3,0.1,0.5,0.4,0.1,-0.6,1.6,-0.1,0,0.4,0,1.9,-0.1,0
2018.03,93.8,-0.1,-1.3,0.4,-1,-0.8,-0.2,0.07,-0.1,3.7,-0.1,98,0.2,0.5,0.3,-1.4,1.2,-0.4,0,0,0,0.6,0,0.7,-0.1,0
2018.04,93.8,0.3,0.1,-1.1,-20.6,-0.7,-0.8,0.01,-0.2,3.3,-0.4,98.1,0.1,0.5,0.4,-2.3,0.5,0,0.1,-0.1,-0.1,0.9,0.1,-0.1,-0.1,0
2018.05,94.1,2.8,0.3,0.7,5.2,-1.3,0.3,-0.01,0,3.2,-0.1,98.2,0.1,0.6,0,-0.7,-0.2,0.5,0.3,0,-0.1,0.4,0.1,-0.3,0,0
2018.06,94.3,2,0.8,-0.3,-4.6,-0.8,-0.8,-0.02,0,3.1,-0.1,98.5,0.3,1,0.3,0.1,-0.4,1.3,-0.8,-0.1,0,0.2,0,1.7,0,0
2018.07,94.5,0.9,-1.4,-0.6,7.9,-0.1,-2.4,-0.04,-0.1,3,-0.1,98.6,0.1,0.2,0.2,-0.7,0,0.2,0.3,-0.1,-0.1,-0.4,-0.1,1,-0.1,0
2018.08,94.5,-0.7,-1.8,-3.1,-12.2,0.3,-2.5,-0.1,-0.4,2.5,-0.5,98.6,0,0.1,0.1,-0.5,0.2,0.4,-0.4,-0.1,-0.1,0.4,-0.1,-0.6,-0.1,0
2018.09,94.6,0.5,-0.4,-2.8,4.3,-0.1,-1.3,-0.12,-0.2,2.3,-0.2,98.5,-0.1,-0.4,0.2,-1.3,-0.5,-0.1,-1.5,0,-0.4,-0.2,-0.1,-1.9,0,0
2018.1,94.6,0.9,-0.1,-2.6,-4.4,-0.7,-1.9,-0.07,-0.2,2.1,-0.2,98.5,0,0.1,0.3,-1.9,-0.2,0.5,-0.2,0.1,-0.2,0.8,0,3.2,0.1,0
2018.11,94.6,-1.9,-0.8,-1.6,4.8,-0.3,-3,-0.07,-0.3,1.8,-0.3,98.5,0,-0.7,-0.2,-2.6,0.2,-0.5,1.5,0.3,-0.1,1.1,0.1,0.7,0.3,0
2018.12,94.7,-0.6,-1.6,-1.2,3.4,0.5,-3.6,-0.16,-0.2,1.6,-0.2,98.6,0.1,-0.8,-0.2,-0.5,0.8,-0.4,0.7,0,-0.2,1.5,0,2.7,0.1,0.1
2019.01,94.8,-0.1,-1,-2.2,6.1,0.5,-0.8,-0.17,-0.1,1.5,-0.1,99,0.4,-1,0,2.6,1.3,0.3,1.1,0,0.2,0,0,-0.1,0.1,0
2019.02,95,1,1,-2.6,-2.5,-0.6,2,-0.14,-0.2,1.5,0,98.7,-0.3,-1.4,0.1,0.9,-0.8,-1.4,-1.6,0.1,-0.5,-0.5,-0.1,-2.1,0.1,0
2019.03,95.3,2.4,0.7,-0.8,11.3,-1.5,1.4,-0.01,0.1,1.6,0.1,98.8,0.1,0.1,0.2,0.8,0.8,-0.4,-2.5,0.3,0,-1.1,-0.2,1,0.2,0
2019.04,95.6,-0.4,1.8,1.4,-1.5,-1.4,1.7,-0.04,0,1.8,0.2,98.8,0,0.4,0.2,-2.1,-0.7,-0.8,0.1,0.2,-0.3,0.7,-0.2,-0.7,0.1,0
2019.05,95.7,-1.1,-1.1,0.8,-1.5,-0.8,-1.9,-0.05,-0.1,1.7,-0.1,99.3,0.5,1.5,0.6,1,1.3,0.2,-0.3,0.1,0.4,0.7,-0.2,4.4,0,0
2019.06,95.7,-1.7,-0.6,0.7,-17.2,0.3,-0.9,-0.1,-0.2,1.6,-0.1,99.5,0.2,0.4,-0.1,0.7,-0.8,0.2,1,0,0,0.7,0,-2.1,0,0
2019.07,95.8,-0.6,-1.9,-1.3,-10.1,0.2,-2.1,-0.08,-0.3,1.5,-0.1,99.7,0.2,0.5,0.1,0,-0.4,0,1.1,0,0.1,0.6,0,0,0.1,0
2019.08,95.9,1.5,-1,-0.7,-2.2,0.3,-2.3,-0.09,-0.1,1.6,0.1,100,0.3,0,0.3,-0.3,0.6,0.9,-0.1,0.1,0.1,0,0.1,0.5,0.2,-0.1
2019.09,96.3,-0.2,-0.3,-0.6,20.1,-0.3,-1,0.02,0.1,1.8,0.2,100.3,0.3,0.9,0.5,-1.5,0.2,0.6,-0.3,0.1,0.1,0.9,-0.2,2.3,0.1,-0.1
2019.1,96.8,0.2,0.4,1.8,19,0.1,-0.2,0.1,0.2,2.2,0.4,100.5,0.2,0,0.3,-0.2,0.5,-0.2,-0.4,0.2,0,0,-0.1,-0.6,0.3,-0.1
2019.11,97.4,0.9,1,0.1,9.5,-0.5,3,0.21,0.4,2.7,0.5,100.5,0,0.6,0,-2,0.2,-0.4,-0.7,0.2,-0.1,0.4,-0.1,-2.9,0.1,0
2019.12,98,4.6,0.3,3.7,-0.3,-0.5,1.6,0.12,0.3,3.2,0.5,101.1,0.6,0.6,0.4,1.4,1.5,0.3,0.1,0.3,0.4,-1.3,0,1.4,0.3,0
2020.01,98.3,0.1,1.4,-1,-6.7,-0.7,2.2,0.04,0,3.4,0.2,101.4,0.3,-0.3,1.1,1.3,-0.2,-0.6,0.8,0.2,0.2,-0.1,-0.1,-1.4,0.3,0
2020.02,98.6,-1,-1.4,0.5,4.4,0.6,0.6,-0.06,0,3.6,0.2,101,-0.4,-1.5,0.2,1.9,-1.9,-2.6,-0.6,0.2,-0.6,0.3,-0.2,-0.7,0.3,0
2020.03,98.4,-3.3,-8.7,-2.4,-8.5,2.1,-5.5,0.03,-0.5,3.2,-0.4,100.1,-0.9,-0.5,-2,0.1,-3.2,-1.5,2.9,-0.8,-1.1,0.8,-0.2,-2.9,-0.7,0
2020.04,98.5,-0.1,-11.9,2,-8.5,3.4,-5.7,0.1,-0.2,3.1,-0.1,99.2,-0.9,-0.9,-3.1,-1.1,-0.6,-0.6,3.1,-1.2,-1.1,0.3,-0.1,0.2,-1.2,0.1
2020.05,98.5,-2.7,-8.7,0.1,-0.5,1.4,-3.5,0.1,-0.3,2.9,-0.2,98.3,-0.9,-2,-1.9,-1,1.6,-0.8,-0.9,-1.1,-1.1,0.2,0,2.7,-1.1,0.1
2020.06,99.1,-1.5,-0.2,1,15.7,-0.5,6.2,0.12,0.3,3.2,0.3,98.5,0.2,-1.9,0.6,-1.4,3.2,-0.6,0.1,-0.1,0.1,0.4,0,0.9,-0.1,0
2020.07,99.7,0.7,5.1,-1.4,16.7,-1.5,5.8,0.03,0.2,3.5,0.3,98.8,0.3,0,1.3,-0.3,0.5,0.2,-2.2,0.3,0.1,-0.3,0,-0.1,0.3,-0.2
2020.08,100.5,2.3,6.5,-0.3,1.4,0,6.1,0.05,0.5,4,0.5,99.4,0.6,2.8,0.9,-1.3,-0.1,2.5,-3.7,0.3,0.3,-0.1,0,1.4,0.3,-0.2
2020.09,101.1,2.9,3,-0.7,-5.1,1.1,3.5,0.02,0.2,4.3,0.3,100,0.6,2.6,0.1,-0.3,-0.2,1.7,1.8,0.1,0.5,-0.4,0.1,0.9,0.1,-0.1
2020.1,101.7,2.8,3.9,-0.6,-1.1,0.6,2.3,0.03,0.3,4.7,0.4,100.6,0.6,1.9,0,-1.4,0.5,1.5,1.9,0,0.4,-0.9,-0.3,4.5,0.1,-0.1
2020.11,102.5,4.9,2.8,2.7,5,0.1,2.2,0.07,0.5,5.2,0.5,101.3,0.7,1.5,0.6,1.2,0,1.2,1.3,0.1,0.4,-2.2,0.1,1.9,0.1,-0.1
2020.12,103.1,-0.4,2.7,3.6,2.6,-0.6,5.3,0.03,0.3,5.6,0.4,101.4,0.1,0.3,0.4,0,-0.5,-0.1,1.3,-0.1,0,-1.3,0,2.4,0,0
2021.01,103.8,1.6,1.4,1.1,3,-1.1,9.6,0.05,0.3,5.9,0.3,101.4,0,0.7,-0.4,-1,1.3,-0.8,0.1,-0.5,-0.3,-0.4,0.6,0,-0.4,0
2021.02,104.3,1.8,1.6,0.9,-2.2,-1.3,7,0.02,0.2,6.1,0.2,101.7,0.3,1.6,0.2,-1,0.5,0.2,1.3,0,0.1,0.5,0.2,1.4,0,0
2021.03,104.9,1.9,5.3,-1.4,-1.4,-0.7,3.1,0.08,0.2,6.2,0.1,102.5,0.8,0.9,1.4,-0.9,1.1,-0.3,1.2,0.5,0.5,0.2,0.3,1.7,0.4,0
2021.04,105.6,1.4,4.2,4,-1.5,0.8,0.8,0.09,0.4,6.5,0.3,103.5,1,0.2,1.6,-0.1,0.4,0.4,2.4,1,0.8,-0.1,0.2,2.3,0.8,0
2021.05,106.4,3.2,3.1,2.2,-1,0.6,0.8,0.1,0.4,6.8,0.3,103.8,0.3,-0.9,1,-1.4,0.7,-0.8,1.4,0.4,0.1,-0.4,0.2,2.2,0.3,0
2021.06,107,2.2,2.7,2.7,-3.9,0,2.4,0.04,0.3,7,0.2,103.8,0,-0.6,0.3,-1.8,0.5,-0.1,-0.5,0.2,-0.2,-0.8,0.1,0,0.2,0
2021.07,107.2,-1.3,-0.5,-1.5,-2.6,-0.8,0.9,0.02,-0.1,6.7,-0.3,104,0.2,0.5,0,-1,0.6,-0.4,-0.1,0.1,-0.1,0.2,0.1,-0.4,0.2,0
2021.08,107.2,-6.2,0,-1.7,2.1,-0.5,0.1,-0.03,-0.3,6.2,-0.5,104.1,0.1,0.9,-0.2,0.1,0.1,-0.1,-0.9,0.1,-0.1,2.2,0.1,-2.6,0.2,0
2021.09,107.1,-6.6,-1.6,-2.8,0.1,-0.2,-1.2,-0.06,-0.5,5.5,-0.7,104.3,0.2,0.3,0.2,0.3,0.5,-0.7,-0.2,0.2,0,3.6,0.1,-0.6,0.2,0.1
2021.1,107,-6.4,0.6,-3.1,1.7,-1.3,-2.8,0.08,-0.3,4.8,-0.7,104.8,0.5,0.3,0.8,0.7,0.4,-0.4,1,0.2,0.2,3.5,0.4,-0.3,0.2,0.1
2021.11,107,-4.8,0.3,-1.4,-5.6,-1.3,-2.3,0.1,-0.4,4.1,-0.7,105.3,0.5,0.5,1.4,-1.1,0.2,0.1,1.2,0.2,0.2,1.5,0.1,3.1,0.2,0.1
2021.12,107.2,-0.9,0,2.2,0.4,-0.8,-1.7,-0.02,0,3.7,-0.4,106.2,0.9,2.1,0.8,2.8,-0.1,1.4,1.9,0,0.7,1.2,0.2,2.6,0.2,0.1
2022.01,107.6,1.1,0,3.1,5.3,-0.7,-1.4,-0.11,0,3.4,-0.3,107,0.8,2,0.6,2.2,-0.7,0.9,1.9,0.1,0.5,-0.4,-0.2,4,0.2,0.1
2022.02,107.7,0.3,-0.2,-0.7,2.8,-1.6,-2.7,-0.03,-0.2,3,-0.4,107.5,0.5,1,-0.2,0.8,0.1,0,0.5,0.6,0.2,0.2,0.2,2.2,0.6,0.1
2022.03,107.7,0,-0.3,-2,6.9,-2.2,-3.4,0.13,-0.2,2.6,-0.4,107.7,0.2,0.3,0.4,-2.4,-0.1,-0.5,0.1,0.6,0,-0.5,0.2,0.8,0.5,0
2022.04,108,-1.8,0,-1.9,-6.1,-0.6,-2,0.25,-0.1,2.3,-0.3,107.6,-0.1,-1,1,-2.8,0,-1.4,-1.9,0.6,-0.4,0.6,0.1,0,0.5,0.1
2022.05,108.5,-0.2,0.3,2.2,2.7,0,-1.2,0.15,0.1,2.4,0.1,107.8,0.2,-0.5,1.5,1.9,-0.4,-0.6,-0.9,0.1,0,-0.2,0.1,1.1,0.1,0.1
2022.06,108.9,-3.1,-0.3,2.7,3.3,0.6,-2.8,0.18,0.1,2.5,0.1,108,0.2,-0.7,1.1,0.9,-0.7,-0.4,0.4,0.1,0,1.6,0.3,-0.4,0.2,0.2
2022.07,109,-1.7,-2.7,1.7,6.2,0,-4.4,-0.17,-0.2,2.3,-0.2,108.5,0.5,-0.1,0.4,0.7,-0.3,0.7,2,0.1,0.2,1.7,0.3,1.6,0.1,0.3
2022.08,109.1,0.2,-2.5,2.3,-0.4,0,-2,-0.23,-0.2,2.1,-0.2,109.1,0.6,-0.7,0.6,-0.1,0.7,0.8,3.5,0,0.3,1.6,0.2,2.4,0,0.3
2022.09,109.3,4.7,-1.5,-0.4,2.4,-0.2,-1.9,-0.17,-0.1,2.1,0,109.3,0.2,-1.6,0.6,0.2,-0.1,-0.3,2.1,0,-0.1,-0.4,0.1,3,0,0.3
2022.1,109.5,4,-0.8,1,-16.8,-0.4,-1.8,0,0,2.1,0,109.3,0,-2.4,0.3,2.4,0.6,-0.9,0.9,0.1,-0.1,-0.5,0.1,0,0,0.5
2022.11,109.6,-1.4,-2.7,0.3,-9.7,-0.2,-0.9,-0.06,-0.3,2,-0.1,108.9,-0.4,-1.8,-0.2,1.1,-1.1,-1.2,-1.1,0,-0.6,0.9,0,-2.7,0,0.8
2022.12,109.4,-2.8,-2.2,1.9,-21.7,0.2,0.4,-0.35,-0.4,1.7,-0.3,108.4,-0.5,-2.4,0.3,1,-0.3,-1.1,-2.7,-0.1,-0.7,0.6,-0.1,-2.3,-0.1,0.8
2023.01 p),109.4,-5,-1.8,-3.6,32.2,-0.1,1.9,-0.39,-0.3,1.5,-0.2,108.2,-0.2,-0.6,0,1.1,-1.3,-0.2,-1.4,-0.1,-0.4,1.9,-0.1,-0.1,-0.1,0.3
2023.02 p),109.3,-0.9,0.1,-3.7,5.3,-0.6,0.5,-0.27,-0.3,1.3,-0.2,108.8,0.6,-1.4,0.9,3.2,1.2,-0.1,0.5,0.4,0.3,1.1,-0.1,0.1,0.2,-0.3
2023.03 p),109.3,-0.5,0,-5.1,-5.1,-0.2,0.8,-0.11,-0.3,1.2,-0.1,109.7,0.8,1.4,0.4,2.2,1.3,0.5,0.3,0.4,0.6,1.5,0,0.8,0.4,-0.5